run_id,expr,canonical,status,coverage,usable_days,mean_ic,icir,mean_rank_ic,rank_icir,positive_rank_ic_ratio,turnover_proxy,quantile_spread,train_mean_rank_ic,train_rank_icir,test_mean_rank_ic,test_rank_icir,score,error,created_at
20240101_20260430_200_1000,"Rank(TsIr($hl_range,20))","Rank(TsIr($hl_range,20))",OK,0.9590574506283662,538,0.037950889325614155,0.36914059971378727,0.0590842928827413,0.546821762927207,0.7379182156133829,0.054546377833587095,0.006126518714434148,0.05369535473163715,0.4635708785099763,0.0729725630171305,0.8773086725734959,0.06401946239484453,,2026-04-27 12:37:19
20240101_20260430_200_1000,"SLog1p(TsIr($hl_range,20))","SLog1p(TsIr($hl_range,20))",OK,0.9590574506283662,538,0.040072407468928074,0.386338433326667,0.0590842928827413,0.546821762927207,0.7379182156133829,0.054546377833587095,0.006126518714434148,0.05369535473163715,0.4635708785099763,0.0729725630171305,0.8773086725734959,0.06401946239484453,,2026-04-27 12:37:19
20240101_20260430_200_1000,"Div(Rank(TsMean($intraday_reversal,10)),Rank(TsMean($amount_log,10)))","Div(Rank(TsMean($intraday_reversal,10)),Rank(TsMean($amount_log,10)))",OK,0.970394973070018,548,0.011834362924020292,0.15262752019522272,0.08685440664911873,0.4989149268556656,0.7043795620437956,0.0721656368786884,0.0059862050873686285,0.08530951080169515,0.4659306445929093,0.0909395674805609,0.6162753169411526,0.056043810771574,,2026-04-27 12:54:07
20240101_20260430_200_1000,"Sub(Rank(TsMean($intraday_reversal,10)),Rank(TsMean($vol_log,10)))","Sub(Rank(TsMean($intraday_reversal,10)),Rank(TsMean($vol_log,10)))",OK,0.970394973070018,548,0.03717218242120185,0.27042081394935436,0.069937801929122,0.47258260360830423,0.6788321167883211,0.07440479899890852,0.006203176494351399,0.0659673768682623,0.42108263573931276,0.08043677826454963,0.6619857059868326,0.0532479974467642,,2026-04-27 12:54:07
20240101_20260430_200_1000,"Rank(TsEMA($volume_ratio_x_ret,30))","Rank(TsEMA($volume_ratio_x_ret,30))",OK,0.9460951526032316,527,-0.04452288775146292,-0.30632334600155486,-0.10306475078523882,-0.6748746492191591,0.24667931688804554,0.05217448309086666,-0.006379131365175697,-0.11011660694541035,-0.7040326516202311,-0.08541144643796376,-0.6035029771281036,0.051546062206128694,,2026-04-27 12:44:14
20240101_20260430_200_1000,"Rank(TsEMA($oc_ret,30))","Rank(TsEMA($oc_ret,30))",OK,0.9478904847396769,528,-0.038507533252560365,-0.27146311689149655,-0.09128338545443378,-0.6143085334450964,0.26515151515151514,0.07258828203353691,-0.0058837078253602655,-0.0958616965750905,-0.609782895395439,-0.07979151727238262,-0.6453652632125659,0.05149467354662121,,2026-04-27 12:38:08
20240101_20260430_200_1000,"Rank(TsEMA($oc_ret,40))","Rank(TsEMA($oc_ret,40))",OK,0.9299371633752244,518,-0.03434537354785276,-0.2494349985731067,-0.08724800141272247,-0.6025401829619428,0.27413127413127414,0.06131442599136211,-0.005425346597499223,-0.09058096686725486,-0.5913977412599913,-0.0791057233895695,-0.6505639011955971,0.051463328015218135,,2026-04-27 12:38:08
20240101_20260430_200_1000,"Rank(TsWMA($volume_ratio_x_ret,30))","Rank(TsWMA($volume_ratio_x_ret,30))",OK,0.9350179533213645,526,-0.04563313772613529,-0.3174987423213604,-0.10189304416775177,-0.6787925928252314,0.2414448669201521,0.04882838254966751,-0.006991237102335818,-0.10877736183850804,-0.7086052563186691,-0.08465914825371096,-0.6057441309157074,0.051281782183008176,,2026-04-27 12:44:14
20240101_20260430_200_1000,"Rank(TsEMA($volume_ratio_x_ret,20))","Rank(TsEMA($volume_ratio_x_ret,20))",OK,0.964048473967684,537,-0.04658677647834293,-0.3076166405886023,-0.10359928649376268,-0.6586136563825205,0.24022346368715083,0.06675846933721735,-0.007728293067648935,-0.11078404565685918,-0.6823581002222876,-0.08513108005439377,-0.6002418527845156,0.05109923722139623,,2026-04-27 12:44:14
20240101_20260430_200_1000,"Rank(TsWMA($volume_ratio_x_ret,20))","Rank(TsWMA($volume_ratio_x_ret,20))",OK,0.9554847396768402,536,-0.043860620140104396,-0.29181695860555434,-0.09727964821344567,-0.6197642380971454,0.25,0.06265632754572445,-0.006960357954147567,-0.10204132857550485,-0.6295604998054596,-0.08503989265191099,-0.5979052605311697,0.05084579917158354,,2026-04-27 12:44:14
20240101_20260430_200_1000,"Rank(TsStd($amount_log,10))","Rank(TsStd($amount_log,10))",OK,0.9797037701974866,548,-0.028642748581974863,-0.28692894951797804,-0.06596845213468136,-0.6336224994122305,0.25364963503649635,0.08089357646378538,-0.0049253081034038955,-0.06483358362550767,-0.6028426354231973,-0.06896937960189227,-0.7308451202125329,0.05040593452612877,,2026-04-27 12:40:11
20240101_20260430_200_1000,"Sub(Rank(TsMean($intraday_reversal,10)),Rank(TsMean($amount_log,10)))","Sub(Rank(TsMean($intraday_reversal,10)),Rank(TsMean($amount_log,10)))",OK,0.970394973070018,548,0.03966920170360155,0.24493037751054597,0.08157032171526354,0.4654681319700818,0.6897810218978102,0.0762769013447207,0.0057251196632206285,0.08034654578557099,0.43315850560115055,0.0848063466568667,0.5863082162994476,0.049722657839260144,,2026-04-27 12:54:07
20240101_20260430_200_1000,"Rank(TsEMA($volume_ratio_x_ret,40))","Rank(TsEMA($volume_ratio_x_ret,40))",OK,0.9281418312387791,517,-0.04543529375755571,-0.31086792845685435,-0.10312329423673935,-0.6618795492962765,0.2553191489361702,0.04379031574364871,-0.006638899801422326,-0.11081910387245651,-0.6935500796529802,-0.08437444257388477,-0.58619162486646,0.049459591589587334,,2026-04-27 12:44:14
20240101_20260430_200_1000,"Rank(TsEMA($oc_ret,50))","Rank(TsEMA($oc_ret,50))",OK,0.911983842010772,508,-0.02952022111726959,-0.21399586392719863,-0.08161836745691112,-0.5562659911120571,0.2992125984251969,0.05361271692056615,-0.004559244200532801,-0.08358202812562822,-0.533619487083919,-0.0769530260023752,-0.6422284707971392,0.04942142421271792,,2026-04-27 12:38:47
20240101_20260430_200_1000,"Div(Rank(TsMean($intraday_reversal,10)),Rank(TsMean($vol_log,10)))","Div(Rank(TsMean($intraday_reversal,10)),Rank(TsMean($vol_log,10)))",OK,0.970394973070018,548,0.012527036378618855,0.17050371518644203,0.07003751997838693,0.48492284221249676,0.6806569343065694,0.07131850085769632,0.006067951039720455,0.0673669793161026,0.44333738934006023,0.07709921810550116,0.6317354060565072,0.048706305856517994,,2026-04-27 12:54:07
20240101_20260430_200_1000,"Sub(Rank(TsMean($volume_ratio_x_ret,20)),Rank(TsMean($flow_imbalance,20)))","Sub(Rank(TsMean($volume_ratio_x_ret,20)),Rank(TsMean($flow_imbalance,20)))",OK,0.9554847396768402,536,-0.039449505704478575,-0.3397455960380473,-0.06998852302188832,-0.5927781499749494,0.26119402985074625,0.054148405615271206,-0.006019776864682917,-0.07170102215505364,-0.5622874785338018,-0.0655865957198593,-0.7356263072457545,0.0482472252142203,,2026-04-27 12:56:03
20240101_20260430_200_1000,"Rank(TsMean($volume_ratio_x_ret,10))","Rank(TsMean($volume_ratio_x_ret,10))",OK,0.9761220825852783,546,-0.032472744413101384,-0.21586648857866578,-0.07630994783454377,-0.4758174970852556,0.31135531135531136,0.08825278241294814,-0.0051605073462164894,-0.07450219638739221,-0.4432074884052454,-0.08107804393340666,-0.5882062699397319,0.04769061379607884,,2026-04-27 12:44:14
20240101_20260430_200_1000,"Div(Rank(TsMean($gap_ret,10)),Rank(TsMean($volume_ratio_x_ret,10)))","Div(Rank(TsMean($gap_ret,10)),Rank(TsMean($volume_ratio_x_ret,10)))",OK,0.9761220825852783,546,0.009938636034197213,0.11214333457647709,0.06819715939192257,0.530647578143379,0.7197802197802198,0.09063356910345008,0.003986717190074255,0.06654437591961637,0.4972706110660413,0.07255651445646175,0.6407776869758249,0.04649259550843956,,2026-04-27 12:52:07
20240101_20260430_200_1000,"Div(Rank(TsMean($gap_ret,20)),Rank(TsMean($volume_ratio_x_ret,20)))","Div(Rank(TsMean($gap_ret,20)),Rank(TsMean($volume_ratio_x_ret,20)))",OK,0.9554847396768402,536,0.013195419016456733,0.1486969557513523,0.07087837004124915,0.5191280394470673,0.6753731343283582,0.05792069457482896,0.004351648848054791,0.0712731864591421,0.48507784975989904,0.06986350636304114,0.6642039453475226,0.046403616562143674,,2026-04-27 12:52:07
20240101_20260430_200_1000,"Rank(TsStd($vol_log,10))","Rank(TsStd($vol_log,10))",OK,0.9797037701974866,548,-0.02485733584337655,-0.2535982147942971,-0.05842746090897172,-0.5712377703596228,0.27007299270072993,0.08223902436995036,-0.00432340472868061,-0.056389055974710604,-0.5263161883382961,-0.06381760550023935,-0.7257632660458997,0.046316473799082485,,2026-04-27 12:41:05
20240101_20260430_200_1000,"Div(Rank(TsMean($volume_ratio_x_ret,20)),Rank(TsMean($flow_imbalance,20)))","Div(Rank(TsMean($volume_ratio_x_ret,20)),Rank(TsMean($flow_imbalance,20)))",OK,0.9554847396768402,536,-0.03173372378870925,-0.27584747972934226,-0.06476029902679041,-0.5741307285881171,0.27052238805970147,0.05715934860316704,-0.006421859974231694,-0.0655634882301539,-0.538047556804526,-0.06269572543693659,-0.7361098987405494,0.04615094410284869,,2026-04-27 12:56:03
20240101_20260430_200_1000,"Rank(TsEMA($volume_ratio_x_ret,50))","Rank(TsEMA($volume_ratio_x_ret,50))",OK,0.9101885098743268,507,-0.03954378652833063,-0.2662721097065352,-0.09591856726155013,-0.5944331450168153,0.28402366863905326,0.038123007447931886,-0.005786017010908496,-0.10176917544520707,-0.610829273368555,-0.08205773042375879,-0.5572046310105314,0.045722947402332174,,2026-04-27 12:44:14
20240101_20260430_200_1000,"Rank(TsEMA($oc_ret,20))","Rank(TsEMA($oc_ret,20))",OK,0.9658886894075404,538,-0.03903267815179077,-0.25221276264780346,-0.08872762823861625,-0.54245024113202,0.26765799256505574,0.09012104283054004,-0.006025040836999291,-0.09332830510085345,-0.534688676131061,-0.07687085028493114,-0.5896989503805556,0.04533065972788473,,2026-04-27 12:38:08
20240101_20260430_200_1000,"Rank(TsWMA($oc_ret,40))","Rank(TsWMA($oc_ret,40))",OK,0.9181149012567325,518,-0.0345810908264457,-0.2366293048071259,-0.08771799646271315,-0.568656272264195,0.28957528957528955,0.05478064093584596,-0.005422410267763218,-0.09304782560588813,-0.5658340110768066,-0.07469747426059442,-0.597618547906874,0.04464059609992753,,2026-04-27 12:38:08
20240101_20260430_200_1000,"Rank(TsWMA($vol_log,10))","Rank(TsWMA($vol_log,10))",OK,0.9797037701974866,548,-0.03539822592460126,-0.3127391111917825,-0.06449737641447595,-0.5164772970581837,0.2864963503649635,0.016588621688090745,-0.005389789124429706,-0.06348172134982706,-0.4783402096252327,-0.06718306833039314,-0.6636057204411693,0.04458306846083884,,2026-04-27 12:41:05
20240101_20260430_200_1000,"Rank(TsWMA($volume_ratio_x_ret,40))","Rank(TsWMA($volume_ratio_x_ret,40))",OK,0.9145511669658887,516,-0.04451688683897395,-0.3013071619242769,-0.10069543762244143,-0.6486352506590601,0.25193798449612403,0.0409455870724719,-0.006430395985464285,-0.10950597358128981,-0.6858557942867815,-0.0792308433065893,-0.5594316868918338,0.04432424432486781,,2026-04-27 12:44:14
20240101_20260430_200_1000,"Rank(TsIr($oc_ret,50))","Rank(TsIr($oc_ret,50))",OK,0.8977109515260323,508,-0.02333836806803363,-0.1690223649840779,-0.06058973468736626,-0.39421404697073426,0.3346456692913386,0.04529236076791256,-0.002772007118149913,-0.055139892907296886,-0.3355638653672589,-0.07353768092994718,-0.5933786520654374,0.043635689986230276,,2026-04-27 12:38:08
20240101_20260430_200_1000,"SLog1p(TsIr($oc_ret,50))","SLog1p(TsIr($oc_ret,50))",OK,0.8977109515260323,508,-0.024995805210127234,-0.17694855447821406,-0.06058973468736626,-0.39421404697073426,0.3346456692913386,0.04529236076791256,-0.002772007118149913,-0.055139892907296886,-0.3355638653672589,-0.07353768092994718,-0.5933786520654374,0.043635689986230276,,2026-04-27 12:38:08
20240101_20260430_200_1000,"Sub(Rank(TsMean($intraday_reversal,10)),Rank(TsMean($volume_ratio_x_ret,10)))","Sub(Rank(TsMean($intraday_reversal,10)),Rank(TsMean($volume_ratio_x_ret,10)))",OK,0.9668402154398563,546,0.028974611949317594,0.18909547045787364,0.06660922882949158,0.4013649409166117,0.6648351648351648,0.10316615634969323,0.004334631154461354,0.06164077328793067,0.3568811698965031,0.07971394713709853,0.5466707067017703,0.04357727981542522,,2026-04-27 12:54:39
20240101_20260430_200_1000,"Rank(TsWMA($oc_ret,50))","Rank(TsWMA($oc_ret,50))",OK,0.8977109515260323,508,-0.0336514680323141,-0.23023740356692626,-0.08579201707890245,-0.5565156020951982,0.2952755905511811,0.048337393999872476,-0.005402677803357448,-0.09069664687530786,-0.5522026512830638,-0.07413940669012721,-0.587183081812915,0.043533405304089945,,2026-04-27 12:38:47
20240101_20260430_200_1000,"Rank(TsWMA($volume_ratio_x_ret,50))","Rank(TsWMA($volume_ratio_x_ret,50))",OK,0.8941561938958708,506,-0.04122769006166847,-0.27627710396578875,-0.09594970272310287,-0.602274779823519,0.2845849802371542,0.035665577728116245,-0.006320189911869839,-0.10305402658818047,-0.6252805588062207,-0.07911865356624115,-0.5491983682113878,0.04345183543366173,,2026-04-27 12:44:14
20240101_20260430_200_1000,"Rank(TsWMA($oc_ret,30))","Rank(TsWMA($oc_ret,30))",OK,0.9385816876122083,528,-0.03655395375502657,-0.24726146732842513,-0.0878875747182356,-0.560106390020449,0.2746212121212121,0.06424119376527894,-0.0054335653538899525,-0.09315957491465762,-0.5592950452258534,-0.07465450039969981,-0.5805132680092612,0.043337927998628435,,2026-04-27 12:38:08
20240101_20260430_200_1000,"Div(Rank(TsMean($intraday_reversal,50)),Rank(TsMean($volume_ratio_x_ret,50)))","Div(Rank(TsMean($intraday_reversal,50)),Rank(TsMean($volume_ratio_x_ret,50)))",OK,0.8578904847396769,506,0.0016432630789294876,0.022284962153552565,0.06430429944528027,0.3903540619850315,0.6383399209486166,0.04576264669029942,0.003548930154479608,0.06007383190172175,0.3388281771758837,0.07432681651156318,0.5732371326483163,0.042606891175966013,,2026-04-27 12:54:39
20240101_20260430_200_1000,"Rank(TsMinMaxDiff($amount_log,10))","Rank(TsMinMaxDiff($amount_log,10))",OK,0.9797037701974866,548,-0.02590204176206182,-0.26455763226602347,-0.061018990041981636,-0.5981026627729155,0.26094890510948904,0.08219796923119715,-0.004172375759670851,-0.060449986965082664,-0.5724989614310881,-0.06252360220505675,-0.6803297850427644,0.04253666884826557,,2026-04-27 12:40:27
20240101_20260430_200_1000,"Sub(Rank(TsMean($gap_ret,10)),Rank(TsMean($volume_ratio_x_ret,10)))","Sub(Rank(TsMean($gap_ret,10)),Rank(TsMean($volume_ratio_x_ret,10)))",OK,0.9761220825852783,546,0.030856094299317894,0.24670194883641533,0.07029641694973637,0.5339246724279603,0.706959706959707,0.09042062048396424,0.0038974477919204637,0.07063513650945623,0.5132912446134159,0.06940301569490474,0.6062462929830348,0.04207532098687938,,2026-04-27 12:52:07
20240101_20260430_200_1000,"Rank(TsEMA($vol_log,10))","Rank(TsEMA($vol_log,10))",OK,0.9838420107719928,548,-0.03648115149802408,-0.3266729318221299,-0.06315481553626887,-0.5112418082632972,0.2773722627737226,0.015334095063985375,-0.005614490254365571,-0.06263339540531808,-0.4760817265398941,-0.06453360433891722,-0.6504828527149545,0.04197800304635704,,2026-04-27 12:41:05
20240101_20260430_200_1000,"Div(Rank(TsMean($intraday_reversal,30)),Rank(TsMean($volume_ratio_x_ret,30)))","Div(Rank(TsMean($intraday_reversal,30)),Rank(TsMean($volume_ratio_x_ret,30)))",OK,0.9111310592459605,526,0.004262734393782072,0.054321451123858625,0.07785572073519251,0.4818721530568177,0.6653992395437263,0.05947815507369322,0.006162924947407837,0.07973653901818753,0.4603220807634736,0.07314736355695663,0.5727588428980946,0.04189579931192874,,2026-04-27 12:54:39
20240101_20260430_200_1000,"Rank(TsMean($volume_ratio_x_ret,20))","Rank(TsMean($volume_ratio_x_ret,20))",OK,0.9554847396768402,536,-0.04868491312741298,-0.32455635942899747,-0.09905417531398297,-0.6273700304680363,0.251865671641791,0.05763755862033455,-0.008259079341713249,-0.10827206171926129,-0.657098599742769,-0.07535987670175749,-0.5549807795314068,0.04182328311733207,,2026-04-27 12:44:14
20240101_20260430_200_1000,"Sub(Rank(TsMean($gap_ret,20)),Rank(TsMean($volume_ratio_x_ret,20)))","Sub(Rank(TsMean($gap_ret,20)),Rank(TsMean($volume_ratio_x_ret,20)))",OK,0.9554847396768402,536,0.033269509351032546,0.2629984546302133,0.07242404193678723,0.5327311940798956,0.6753731343283582,0.057468420937717035,0.004867106843205526,0.07473865832498809,0.5123767877408616,0.06647439041543873,0.6267753769115697,0.04166451110760345,,2026-04-27 12:52:07
20240101_20260430_200_1000,"Div(Rank(TsMean($ret_1d,50)),Rank(TsMean($gap_ret,50)))","Div(Rank(TsMean($ret_1d,50)),Rank(TsMean($gap_ret,50)))",OK,0.8959245960502693,507,-0.014899453088875655,-0.12842794895655885,-0.06415941194503313,-0.45335666945619035,0.3136094674556213,0.04494683187580449,-0.0032187449739840284,-0.06288259148268563,-0.41122310730438205,-0.06718436243636647,-0.6116182835057588,0.041091184431759235,,2026-04-27 12:37:19
20240101_20260430_200_1000,"Div(Rank(TsMean($intraday_reversal,10)),Rank(TsMean($volume_ratio_x_ret,10)))","Div(Rank(TsMean($intraday_reversal,10)),Rank(TsMean($volume_ratio_x_ret,10)))",OK,0.9668402154398563,546,0.000572634489202638,0.006254919544348641,0.0623692153433418,0.3781919246714107,0.6593406593406593,0.10462193973115794,0.0048696985738326355,0.056982109439383206,0.33147088797244173,0.07657815910344734,0.5321774233814024,0.04075316739896369,,2026-04-27 12:54:39
20240101_20260430_200_1000,"Div(Rank(TsMean($oc_ret,50)),Rank(TsMean($big_vs_small_flow,50)))","Div(Rank(TsMean($oc_ret,50)),Rank(TsMean($big_vs_small_flow,50)))",OK,0.8941202872531419,507,-0.012644354085909401,-0.1788754760474501,-0.05037105028361775,-0.351421271867519,0.3510848126232742,0.036168034787165584,-0.004727787373797176,-0.04241095742038704,-0.27901519032678085,-0.0692829487640451,-0.5864845424520716,0.040633378505611314,,2026-04-27 12:46:13
20240101_20260430_200_1000,"Sub(Rank(TsMean($ret_1d,50)),Rank(TsMean($gap_ret,50)))","Sub(Rank(TsMean($ret_1d,50)),Rank(TsMean($gap_ret,50)))",OK,0.8959245960502693,507,-0.02577242609556928,-0.19878857254568658,-0.06404397745227132,-0.45023297296391623,0.32741617357001973,0.04367621536778234,-0.0028236136003919636,-0.06237154188582527,-0.40898932244740277,-0.06800619057277776,-0.5953001209173121,0.04048409347110037,,2026-04-27 12:37:19
20240101_20260430_200_1000,"Rank(TsMean($oc_ret,10))","Rank(TsMean($oc_ret,10))",OK,0.9797037701974866,548,-0.028496873560471304,-0.179884066463979,-0.07040317188713051,-0.41178052914685703,0.33394160583941607,0.09867729663418401,-0.0048841785690036405,-0.06877228568213035,-0.3780990790297912,-0.07471571661713092,-0.54176517315464,0.04047837315045295,,2026-04-27 12:38:08
20240101_20260430_200_1000,"Rank(TsWMA($oc_ret,20))","Rank(TsWMA($oc_ret,20))",OK,0.9590574506283662,538,-0.03553805606694502,-0.22702697816871323,-0.08263594047810581,-0.49620505394821,0.2732342007434944,0.07981049318764466,-0.005551550867851721,-0.08638580017823894,-0.4851273637999946,-0.07297187252608489,-0.5537948497212786,0.04041144717946348,,2026-04-27 12:38:08
20240101_20260430_200_1000,"Rank(TsMean($oc_ret,50))","Rank(TsMean($oc_ret,50))",OK,0.8977109515260323,508,-0.029529727571584948,-0.20390548457907723,-0.07202143344763991,-0.45826300785594276,0.3248031496062992,0.04236804608453577,-0.003376529477715489,-0.0718902083980003,-0.42988371923526636,-0.07233320302866289,-0.555773313479252,0.04020086392180744,,2026-04-27 12:38:08
20240101_20260430_200_1000,"Rank(TsDelta($turnover_log,50))","Rank(TsDelta($turnover_log,50))",OK,0.9071992818671454,507,-0.04617965875587719,-0.3641234309389579,-0.07857435893669114,-0.5934827552477175,0.26232741617357,0.1350544519281302,-0.008045321770045012,-0.0820991962014963,-0.6042157615383676,-0.07022356998047488,-0.5692824394358932,0.0399770452243819,,2026-04-27 12:42:30
20240101_20260430_200_1000,"SLog1p(TsDelta($turnover_log,50))","SLog1p(TsDelta($turnover_log,50))",OK,0.9071992818671454,507,-0.056827196467775225,-0.4247667730118103,-0.07857435893669114,-0.5934827552477175,0.26232741617357,0.1350544519281302,-0.008045321770045012,-0.0820991962014963,-0.6042157615383676,-0.07022356998047488,-0.5692824394358932,0.0399770452243819,,2026-04-27 12:42:30
20240101_20260430_200_1000,"Rank(TsMean($oc_ret,30))","Rank(TsMean($oc_ret,30))",OK,0.9385816876122083,528,-0.03334763876129364,-0.21875815789970918,-0.08134630318028216,-0.5016662167466628,0.3125,0.05570057376731386,-0.004979657374503731,-0.08616568168539894,-0.49060506376284463,-0.06924933968421723,-0.5719330524523248,0.03960598622590227,,2026-04-27 12:38:08
20240101_20260430_200_1000,"Div(Rank(TsMean($gap_ret,50)),Rank(TsMean($price_volume_pressure,50)))","Div(Rank(TsMean($gap_ret,50)),Rank(TsMean($price_volume_pressure,50)))",OK,0.8959245960502693,507,0.01288125477806344,0.15123865867338723,0.06465261918976613,0.45341170344452386,0.6785009861932939,0.044490087450531936,0.0033056374319959062,0.06378104224107677,0.4156230743376973,0.066717496121896,0.5919279500601979,0.0394919507125831,,2026-04-27 12:52:07
20240101_20260430_200_1000,"Rank(TsIr($volume_ratio_x_ret,10))","Rank(TsIr($volume_ratio_x_ret,10))",OK,0.9761220825852783,546,-0.02952089195456946,-0.21700129023592124,-0.06480955495383466,-0.43979700114865866,0.32051282051282054,0.10427563632999301,-0.004351518563419538,-0.061882291928804546,-0.40666286981509264,-0.07253045675810871,-0.5431127516733818,0.03939221595002365,,2026-04-27 12:44:14
20240101_20260430_200_1000,"SLog1p(TsIr($volume_ratio_x_ret,10))","SLog1p(TsIr($volume_ratio_x_ret,10))",OK,0.9761220825852783,546,-0.031645500257168696,-0.23400261588167232,-0.06480955495383466,-0.43979700114865866,0.32051282051282054,0.10427563632999301,-0.004351518563419538,-0.061882291928804546,-0.40666286981509264,-0.07253045675810871,-0.5431127516733818,0.03939221595002365,,2026-04-27 12:44:14
20240101_20260430_200_1000,"Div(Rank(TsMean($volume_ratio_x_ret,30)),Rank(TsMean($flow_imbalance,30)))","Div(Rank(TsMean($volume_ratio_x_ret,30)),Rank(TsMean($flow_imbalance,30)))",OK,0.9350179533213645,526,-0.027710852065899388,-0.26952849050176964,-0.06130768611411887,-0.5225859859950305,0.26806083650190116,0.043863242406392604,-0.004662210315048959,-0.062417926778877565,-0.48995452470338674,-0.05852835881240749,-0.6723573617485461,0.03935197291858257,,2026-04-27 12:56:03
20240101_20260430_200_1000,"Rank(TsDiv($amount_log,50))","Rank(TsDiv($amount_log,50))",OK,0.8977109515260323,508,-0.045543351208206066,-0.34055397843200863,-0.09191464702463895,-0.6577112624855453,0.234251968503937,0.14230837853687214,-0.0074749681627617765,-0.10098213361692614,-0.7001440315875415,-0.07037175941611767,-0.5590178884768543,0.039339072357199294,,2026-04-27 12:41:05
20240101_20260430_200_1000,"Rank(TsIr($hl_range,30))","Rank(TsIr($hl_range,30))",OK,0.9385816876122083,528,0.04094172754481909,0.38303851447606485,0.05490222570287264,0.48203186560901584,0.6893939393939394,0.04029372832058417,0.0067463411313077185,0.05249644024906853,0.4350147485253135,0.060940908654031956,0.6448984810989021,0.039300699427772146,,2026-04-27 12:37:19
20240101_20260430_200_1000,"SLog1p(TsIr($hl_range,30))","SLog1p(TsIr($hl_range,30))",OK,0.9385816876122083,528,0.0420323570318456,0.3847069406258394,0.05490222570287264,0.48203186560901584,0.6893939393939394,0.04029372832058417,0.0067463411313077185,0.05249644024906853,0.4350147485253135,0.060940908654031956,0.6448984810989021,0.039300699427772146,,2026-04-27 12:37:19
20240101_20260430_200_1000,"Rank(TsDelta($amplitude_turnover,50))","Rank(TsDelta($amplitude_turnover,50))",OK,0.9071992818671454,507,-0.03691997685935431,-0.27495380684522613,-0.06258339473511151,-0.43238748954168554,0.3076923076923077,0.19593375207747152,-0.006718526730554424,-0.05974581049040616,-0.3904100446934914,-0.06930599365042016,-0.565244370007458,0.039174822718672626,,2026-04-27 12:43:24
20240101_20260430_200_1000,"SLog1p(TsDelta($amplitude_turnover,50))","SLog1p(TsDelta($amplitude_turnover,50))",OK,0.9071992818671454,507,-0.05602192058239364,-0.3884254007956545,-0.06258339473511151,-0.43238748954168554,0.3076923076923077,0.19593375207747152,-0.006718526730554424,-0.05974581049040616,-0.3904100446934914,-0.06930599365042016,-0.565244370007458,0.039174822718672626,,2026-04-27 12:44:14
20240101_20260430_200_1000,"Rank(TsMean($volume_ratio_x_ret,30))","Rank(TsMean($volume_ratio_x_ret,30))",OK,0.9350179533213645,526,-0.04102147299071675,-0.27735408905001335,-0.09135540986848893,-0.5779127431992745,0.2908745247148289,0.04521855167499512,-0.006158245831547897,-0.0986034462492366,-0.5967937644771277,-0.07321099664688575,-0.5347105533888532,0.03914669253120576,,2026-04-27 12:44:14
20240101_20260430_200_1000,"Sub(Rank(TsMean($oc_ret,50)),Rank(TsMean($big_vs_small_flow,50)))","Sub(Rank(TsMean($oc_ret,50)),Rank(TsMean($big_vs_small_flow,50)))",OK,0.8941202872531419,507,-0.02645994298934916,-0.19991537667516207,-0.057905581685030044,-0.36011942213161646,0.3609467455621302,0.0339934718368575,-0.0035277955310857585,-0.05235527474247226,-0.3044487473563344,-0.07109221697137537,-0.5488859909529625,0.03902152196137639,,2026-04-27 12:46:13
20240101_20260430_200_1000,"Sub(Rank(TsMean($gap_ret,50)),Rank(TsMean($price_volume_pressure,50)))","Sub(Rank(TsMean($gap_ret,50)),Rank(TsMean($price_volume_pressure,50)))",OK,0.8959245960502693,507,0.026172456810763828,0.2009836142950513,0.06490970277520344,0.45366737272158764,0.6646942800788954,0.04290727456137988,0.002905331255071802,0.06380607180241157,0.4176750841877166,0.06752434528121369,0.577491308522788,0.038994722513592636,,2026-04-27 12:52:07
20240101_20260430_200_1000,"Sub(Rank(TsMean($volume_ratio_x_ret,10)),Rank(TsMean($md_net_ratio,10)))","Sub(Rank(TsMean($volume_ratio_x_ret,10)),Rank(TsMean($md_net_ratio,10)))",OK,0.9761220825852783,546,-0.02732999607178532,-0.22081729818432147,-0.06578160345741997,-0.5282143812984703,0.2948717948717949,0.09152255232757538,-0.0033727327669060506,-0.06479494906650177,-0.5156259794863215,-0.06838398718648611,-0.5629470747525995,0.038496565546551606,,2026-04-27 12:56:03
20240101_20260430_200_1000,"Div(Rank(TsMean($intraday_reversal,10)),Rank(TsMean($large_order_intensity,10)))","Div(Rank(TsMean($intraday_reversal,10)),Rank(TsMean($large_order_intensity,10)))",OK,0.9686175942549372,547,0.014291524055580283,0.18674409213558607,0.05906097968186645,0.36120500854183,0.6307129798903108,0.07354040058415683,0.0037624863222193872,0.05429502501363603,0.31330940008378655,0.07166357122067712,0.5370969329517498,0.038490284306994964,,2026-04-27 12:54:42
20240101_20260430_200_1000,"Rank(TsDiv($turnover_log,30))","Rank(TsDiv($turnover_log,30))",OK,0.9385816876122083,528,-0.03686814693060182,-0.3052429241581988,-0.07555222125414113,-0.583780312515157,0.2803030303030303,0.1699080382640326,-0.0061118536403153186,-0.07890060761749382,-0.590044338404184,-0.06714754675820886,-0.5713955988881342,0.038367812693775746,,2026-04-27 12:41:52
20240101_20260430_200_1000,"Rank(TsMean($vol_log,10))","Rank(TsMean($vol_log,10))",OK,0.9797037701974866,548,-0.0323090296188546,-0.29331744851526576,-0.05944961176877082,-0.4873921685812208,0.2937956204379562,0.013814795926920045,-0.004825704890670842,-0.058722111716248075,-0.452688565091961,-0.0613733367398712,-0.6225435075797697,0.03820757232591376,,2026-04-27 12:41:05
20240101_20260430_200_1000,"Rank(TsDiv($vol_log,50))","Rank(TsDiv($vol_log,50))",OK,0.8977109515260323,508,-0.043058579858054856,-0.33434532420203605,-0.08666239589066033,-0.6429397051573721,0.24015748031496062,0.15177532661132703,-0.007022697902042404,-0.09408944452650254,-0.6821680963604642,-0.0690169246350352,-0.5509184598588355,0.038022697824126914,,2026-04-27 12:41:43
20240101_20260430_200_1000,"Sub(Rank(TsMean($volume_ratio_x_ret,10)),Rank(TsMean($chip_upper_pressure,10)))","Sub(Rank(TsMean($volume_ratio_x_ret,10)),Rank(TsMean($chip_upper_pressure,10)))",OK,0.9761220825852783,546,-0.027613372296252662,-0.2002545256096976,-0.060492092915004354,-0.4038024527397665,0.3241758241758242,0.06368851295492564,-0.0038898853124558364,-0.05769841335383445,-0.36231483667321457,-0.06786065712668071,-0.560291320651293,0.03802173720177251,,2026-04-27 12:56:06
20240101_20260430_200_1000,"Div(Rank(TsMean($ret_1d,30)),Rank(TsMean($gap_ret,30)))","Div(Rank(TsMean($ret_1d,30)),Rank(TsMean($gap_ret,30)))",OK,0.9367953321364453,527,-0.024940051206546056,-0.21502135458556465,-0.06364054608604384,-0.45489406786220643,0.32637571157495254,0.05813185470743828,-0.0024776590101382306,-0.06411977004514756,-0.4211423960454992,-0.06244087805419359,-0.6082579527169077,0.03798016065108989,,2026-04-27 12:37:19
20240101_20260430_200_1000,"Sub(Rank(TsMean($oc_ret,20)),Rank(TsMean($flow_imbalance,20)))","Sub(Rank(TsMean($oc_ret,20)),Rank(TsMean($flow_imbalance,20)))",OK,0.9572800718132854,537,-0.03562960963920012,-0.2794730269117714,-0.06573145440440309,-0.5144930446945788,0.3091247672253259,0.05751921027867301,-0.00470620960475049,-0.06715771482990314,-0.4918020636341201,-0.06205572283801374,-0.6110689929892303,0.03792032806384384,,2026-04-27 12:46:13
20240101_20260430_200_1000,"Sub(Rank(TsMean($intraday_reversal,30)),Rank(TsMean($volume_ratio_x_ret,30)))","Sub(Rank(TsMean($intraday_reversal,30)),Rank(TsMean($volume_ratio_x_ret,30)))",OK,0.9111310592459605,526,0.03823247817601214,0.25482238524207446,0.07967366371756453,0.4929070755383243,0.6615969581749049,0.058702338187040626,0.005705747733364686,0.08333869151606438,0.48423350599653847,0.07049879547031325,0.5364996847395265,0.037822581544339415,,2026-04-27 12:54:39
20240101_20260430_200_1000,"Div(Rank(TsMean($ret_1d,40)),Rank(TsMean($gap_ret,40)))","Div(Rank(TsMean($ret_1d,40)),Rank(TsMean($gap_ret,40)))",OK,0.9163285457809695,517,-0.019544676662365083,-0.17762917363305633,-0.06672818486934884,-0.47094066858586064,0.31334622823984526,0.05010076529059144,-0.004015191124321746,-0.06792034102061362,-0.4430085119768138,-0.06382380444714005,-0.5898081899253345,0.03764380257511618,,2026-04-27 12:37:19
20240101_20260430_200_1000,"Rank(TsDiv($turnover_log,40))","Rank(TsDiv($turnover_log,40))",OK,0.9181149012567325,518,-0.03853857107711226,-0.32542966339814455,-0.0822863144983878,-0.6647548695324849,0.24324324324324326,0.16204580761933016,-0.006541773486462114,-0.08889213418764234,-0.7052825700796973,-0.06614860733806126,-0.5676278781574012,0.03754779362637081,,2026-04-27 12:42:30
20240101_20260430_200_1000,"Div(Rank(TsMean($amount_log,10)),Rank(TsMean($chip_upper_pressure,10)))","Div(Rank(TsMean($amount_log,10)),Rank(TsMean($chip_upper_pressure,10)))",OK,0.9797037701974866,548,-0.02112322902473352,-0.21013482038673406,-0.06867979453041012,-0.4318133365442222,0.32116788321167883,0.023161127737455506,-0.0046490823103796704,-0.06863639817682357,-0.4041978256488588,-0.06879454730432359,-0.5448808719446245,0.03748483292021556,,2026-04-27 12:55:00
20240101_20260430_200_1000,"Sub(Rank(TsMean($intraday_reversal,50)),Rank(TsMean($volume_ratio_x_ret,50)))","Sub(Rank(TsMean($intraday_reversal,50)),Rank(TsMean($volume_ratio_x_ret,50)))",OK,0.8578904847396769,506,0.028837552963606083,0.19585721251491975,0.0654648925507321,0.40114796600915853,0.6304347826086957,0.0449144975669919,0.003563391749343345,0.06338562340689577,0.3631457889112007,0.07039094629418323,0.5318868143234509,0.037440016181626234,,2026-04-27 12:54:39
20240101_20260430_200_1000,"Sub(Rank(TsDelta($amplitude_turnover,50)),Rank(TsDelta($chip_upper_pressure,50)))","Sub(Rank(TsDelta($amplitude_turnover,50)),Rank(TsDelta($chip_upper_pressure,50)))",OK,0.9071992818671454,507,-0.03472084931144762,-0.2640183526048227,-0.060730640383908144,-0.4244648600904059,0.33727810650887574,0.14454496805527606,-0.005468610353395644,-0.057034248012602914,-0.38417152643705016,-0.06948786526357754,-0.5386404746295875,0.03742897672657024,,2026-04-27 12:56:03
20240101_20260430_200_1000,"Rank(TsMinMaxDiff($vol_log,10))","Rank(TsMinMaxDiff($vol_log,10))",OK,0.9797037701974866,548,-0.022108035473296064,-0.227641326431561,-0.053333561315832695,-0.5296722832006951,0.2755474452554745,0.08287784635085939,-0.0036335525514167616,-0.05210621389289633,-0.49250113207374946,-0.0565790303402416,-0.6606055688558817,0.037376422523229494,,2026-04-27 12:41:05
20240101_20260430_200_1000,"Sub(Rank(TsMean($volume_ratio_x_ret,10)),Rank(TsMean($chip_width_70,10)))","Sub(Rank(TsMean($volume_ratio_x_ret,10)),Rank(TsMean($chip_width_70,10)))",OK,0.9761220825852783,546,-0.027626712620212757,-0.206298229163901,-0.058184516901995637,-0.39615381884406814,0.32051282051282054,0.06576992345712618,-0.0035458235350029356,-0.05611737149134003,-0.35310512591779614,-0.06363678634083894,-0.5855715972405382,0.037263894620859925,,2026-04-27 12:56:06
20240101_20260430_200_1000,"Sub(Rank(TsMean($volume_ratio_x_ret,20)),Rank(TsMean($chip_width_70,20)))","Sub(Rank(TsMean($volume_ratio_x_ret,20)),Rank(TsMean($chip_width_70,20)))",OK,0.9554847396768402,536,-0.03557311483915225,-0.25799123509724325,-0.0712741232722464,-0.46494985538914724,0.31343283582089554,0.04352589252128795,-0.005276143653787143,-0.07460038247077802,-0.44400133979927325,-0.06272407445991347,-0.5917224825978072,0.037115245058069714,,2026-04-27 12:56:06
20240101_20260430_200_1000,"Rank(TsDiv($turnover_log,50))","Rank(TsDiv($turnover_log,50))",OK,0.8977109515260323,508,-0.04120518679905253,-0.33982646481012846,-0.08618724292392305,-0.6850563348396013,0.2204724409448819,0.15618402106147547,-0.006490265565561857,-0.09417673170331466,-0.7443560463576904,-0.0672055044816101,-0.5507485710948774,0.03701333556295714,,2026-04-27 12:42:30
20240101_20260430_200_1000,"Rank(TsPctChange($turnover_log,30))","Rank(TsPctChange($turnover_log,30))",OK,0.9430520646319569,527,-0.038916042461007494,-0.33704755989910884,-0.07581962809506179,-0.601500433825648,0.25616698292220114,0.15451414610898764,-0.00672855277328977,-0.08034767981561754,-0.6141592068888673,-0.06448430398924107,-0.5735931198581823,0.03698775310707222,,2026-04-27 12:41:52
20240101_20260430_200_1000,"SLog1p(TsPctChange($turnover_log,30))","SLog1p(TsPctChange($turnover_log,30))",OK,0.9430520646319569,527,-0.05182604590887208,-0.4099867092311294,-0.07581962809506179,-0.601500433825648,0.25616698292220114,0.15451414610898764,-0.00672855277328977,-0.08034767981561754,-0.6141592068888673,-0.06448430398924107,-0.5735931198581823,0.03698775310707222,,2026-04-27 12:41:52
20240101_20260430_200_1000,"Rank(TsPctChange($amount_log,50))","Rank(TsPctChange($amount_log,50))",OK,0.9071992818671454,507,-0.04522222111126262,-0.35615124911177715,-0.0811466250031216,-0.6176055570528554,0.252465483234714,0.13105551863010625,-0.0075767164943083675,-0.08723967450385725,-0.6448781662763081,-0.0667114137698351,-0.5538548361489739,0.036948439142758416,,2026-04-27 12:41:05
20240101_20260430_200_1000,"SLog1p(TsPctChange($amount_log,50))","SLog1p(TsPctChange($amount_log,50))",OK,0.9071992818671454,507,-0.05873089219731085,-0.4206253601016111,-0.0811466250031216,-0.6176055570528554,0.252465483234714,0.13105551863010625,-0.0075767164943083675,-0.08723967450385725,-0.6448781662763081,-0.0667114137698351,-0.5538548361489739,0.036948439142758416,,2026-04-27 12:41:05
20240101_20260430_200_1000,"Rank(TsDiv($amount_log,40))","Rank(TsDiv($amount_log,40))",OK,0.9181149012567325,518,-0.042930368724866955,-0.32468814394679396,-0.08861843057016242,-0.6375178903486095,0.24324324324324326,0.1484882970644005,-0.006873842573497403,-0.09711272984559222,-0.6767804429645576,-0.06786725650132727,-0.5430398665950597,0.036854625916653456,,2026-04-27 12:41:05
20240101_20260430_200_1000,"Div(Rank(TsMean($gap_ret,50)),Rank(TsMean($volume_ratio_x_ret,50)))","Div(Rank(TsMean($gap_ret,50)),Rank(TsMean($volume_ratio_x_ret,50)))",OK,0.8941561938958708,506,0.005252101534530012,0.06518414145527182,0.06207328424001601,0.40938971011068526,0.6462450592885376,0.03194582050284209,0.001753468398942196,0.05916853746240087,0.36971009601479615,0.06895499976013782,0.5334616336273612,0.03678484681881742,,2026-04-27 12:52:07
20240101_20260430_200_1000,"Sub(Rank(TsMean($volume_ratio_x_ret,30)),Rank(TsMean($flow_imbalance,30)))","Sub(Rank(TsMean($volume_ratio_x_ret,30)),Rank(TsMean($flow_imbalance,30)))",OK,0.9350179533213645,526,-0.034911221880277406,-0.3012148494687842,-0.06532001156788346,-0.5360122685259296,0.27756653992395436,0.04135583702308388,-0.004373716081533386,-0.06816501306121306,-0.5173081350666213,-0.05819796084968257,-0.6316133471389853,0.03675860884893163,,2026-04-27 12:56:03
20240101_20260430_200_1000,"Div(Rank(TsMean($gap_ret,30)),Rank(TsMean($volume_ratio_x_ret,30)))","Div(Rank(TsMean($gap_ret,30)),Rank(TsMean($volume_ratio_x_ret,30)))",OK,0.9350179533213645,526,0.008129010116865424,0.09743793961446483,0.06545063171082771,0.45882715377422306,0.6463878326996197,0.04435053751221984,0.0025697392760797104,0.06528262427955145,0.43130301912045316,0.06587121407234482,0.5580153046941477,0.03675714559115293,,2026-04-27 12:52:07
20240101_20260430_200_1000,"Sub(Rank(TsMean($oc_ret,50)),Rank(TsMean($retail_pressure,50)))","Sub(Rank(TsMean($oc_ret,50)),Rank(TsMean($retail_pressure,50)))",OK,0.8959425493716338,507,-0.03005698463894282,-0.22734406134826132,-0.06258541988995016,-0.3971922982654822,0.3530571992110454,0.03305990903938883,-0.0039819023807022465,-0.05918999932808118,-0.35711866110716695,-0.07065239223157173,-0.5200486726678428,0.03674268280083669,,2026-04-27 12:46:13
20240101_20260430_200_1000,"Sub(Rank(TsMean($vol_log,10)),Rank(TsMean($chip_upper_pressure,10)))","Sub(Rank(TsMean($vol_log,10)),Rank(TsMean($chip_upper_pressure,10)))",OK,0.9797037701974866,548,-0.031704045918273166,-0.2713129492696249,-0.05703017589357773,-0.4496886811727955,0.30656934306569344,0.021746833200644133,-0.004856527133986668,-0.054904144369588695,-0.4112174409738088,-0.06265203106439436,-0.5859814807866219,0.036712929937403244,,2026-04-27 12:55:21
20240101_20260430_200_1000,"Sub(Rank(TsMean($oc_ret,10)),Rank(TsMean($intraday_reversal,10)))","Sub(Rank(TsMean($oc_ret,10)),Rank(TsMean($intraday_reversal,10)))",OK,0.970394973070018,548,-0.02618739533610982,-0.1718806127612534,-0.06047094032833973,-0.36324836311180775,0.34854014598540145,0.10441031146219236,-0.004363267830923811,-0.05618524915878202,-0.3210032114260326,-0.07180357335388159,-0.5101765242767545,0.036632497484334295,,2026-04-27 12:45:03
20240101_20260430_200_1000,"Div(Rank(TsMean($gap_ret,30)),Rank(TsMean($price_volume_pressure,30)))","Div(Rank(TsMean($gap_ret,30)),Rank(TsMean($price_volume_pressure,30)))",OK,0.9367953321364453,527,0.005271115607663141,0.06312578784439374,0.06295833869758649,0.4534030612796625,0.6546489563567363,0.05763835220735118,0.0023046560640054676,0.06347490567139064,0.4215851485746476,0.061665187816855316,0.5934176665481051,0.036593211861528925,,2026-04-27 12:52:07
20240101_20260430_200_1000,"Sub(Rank(TsMean($intraday_reversal,10)),Rank(TsMean($large_order_intensity,10)))","Sub(Rank(TsMean($intraday_reversal,10)),Rank(TsMean($large_order_intensity,10)))",OK,0.9686175942549372,547,0.027398675843935755,0.17779943808337023,0.05466279726846316,0.3303274739720807,0.6361974405850092,0.07686999906315127,0.0037841368204802384,0.04881411953316981,0.2782609885672333,0.07012842832688987,0.521416479727425,0.03656611822702395,,2026-04-27 12:54:42
20240101_20260430_200_1000,"Div(Rank(TsMean($intraday_reversal,40)),Rank(TsMean($volume_ratio_x_ret,40)))","Div(Rank(TsMean($intraday_reversal,40)),Rank(TsMean($volume_ratio_x_ret,40)))",OK,0.8842369838420108,516,0.0006696528959341079,0.008780577051202226,0.06881558945231779,0.4184691906893025,0.6666666666666666,0.05142965370594183,0.004170931094860112,0.06791412399221707,0.38997932496571747,0.07101177711685852,0.5147330100214632,0.03655210578233385,,2026-04-27 12:54:39
20240101_20260430_200_1000,"Div(Rank(TsMean($ret_1d,50)),Rank(TsMean($big_vs_small_flow,50)))","Div(Rank(TsMean($ret_1d,50)),Rank(TsMean($big_vs_small_flow,50)))",OK,0.8923339317773789,506,-0.020897228174541583,-0.33940053657044456,-0.05035970827734043,-0.34439429248917164,0.37549407114624506,0.04295868096381032,-0.004708208754767383,-0.044608543682138076,-0.28218847540973147,-0.06398495057335678,-0.5706486981454804,0.03651292874558895,,2026-04-27 12:38:47
20240101_20260430_200_1000,"Rank(TsDelta($amount_log,50))","Rank(TsDelta($amount_log,50))",OK,0.9071992818671454,507,-0.046553644253426944,-0.3609512033832746,-0.0830764573574699,-0.6233524871473937,0.252465483234714,0.13129018966763448,-0.007928056304718588,-0.0896951197602233,-0.658423327105243,-0.06739600213483932,-0.5408762946468137,0.03645289990870064,,2026-04-27 12:41:05
20240101_20260430_200_1000,"SLog1p(TsDelta($amount_log,50))","SLog1p(TsDelta($amount_log,50))",OK,0.9071992818671454,507,-0.05585663726395215,-0.41162839616383096,-0.0830764573574699,-0.6233524871473937,0.252465483234714,0.13129018966763448,-0.007928056304718588,-0.0896951197602233,-0.658423327105243,-0.06739600213483932,-0.5408762946468137,0.03645289990870064,,2026-04-27 12:41:05
20240101_20260430_200_1000,"Rank(TsEMA($price_volume_pressure,40))","Rank(TsEMA($price_volume_pressure,40))",OK,0.9281418312387791,517,-0.039028952245028566,-0.24919034284497013,-0.09325118213319639,-0.5772817211666424,0.2804642166344294,0.06865698422827837,-0.005062630782403163,-0.10272066411501049,-0.6046643553372001,-0.07018123609696472,-0.5145296984087144,0.03611033024292204,,2026-04-27 12:43:09
20240101_20260430_200_1000,"Rank(TsPctChange($amount_log,30))","Rank(TsPctChange($amount_log,30))",OK,0.9430520646319569,527,-0.04247809593371362,-0.33247458139035896,-0.08213515904533258,-0.5932788470979238,0.2428842504743833,0.1416797891123753,-0.006839660783319417,-0.08874712232865922,-0.61251392623229,-0.06558306304076321,-0.5501654230727154,0.03608153362422606,,2026-04-27 12:41:05
20240101_20260430_200_1000,"SLog1p(TsPctChange($amount_log,30))","SLog1p(TsPctChange($amount_log,30))",OK,0.9430520646319569,527,-0.05747466335785642,-0.41780125849497624,-0.08213515904533258,-0.5932788470979238,0.2428842504743833,0.1416797891123753,-0.006839660783319417,-0.08874712232865922,-0.61251392623229,-0.06558306304076321,-0.5501654230727154,0.03608153362422606,,2026-04-27 12:41:05
20240101_20260430_200_1000,"Sub(Rank(TsMean($intraday_reversal,10)),Rank(TsMean($turnover_log,10)))","Sub(Rank(TsMean($intraday_reversal,10)),Rank(TsMean($turnover_log,10)))",OK,0.970394973070018,548,0.025611746809208802,0.16345137022552225,0.06729119521854726,0.3925397430454043,0.6605839416058394,0.07311668167728638,0.0034753417716431594,0.06482829966371641,0.36341994832095526,0.0738038183635362,0.48780259631328604,0.036001694215567134,,2026-04-27 12:54:39
